Url,content_count_words
https://www.arcmen.in/about,165
https://www.arcmen.in/albums,19
https://www.arcmen.in/albums/beyondlabel,69
https://www.arcmen.in/albums/brew-commune,77
https://www.arcmen.in/albums/cafe-resolution,89
https://www.arcmen.in/albums/carnival-chaos,70
https://www.arcmen.in/albums/groove-with-yogi,72
https://www.arcmen.in/albums/indian-darbar,96
https://www.arcmen.in/albums/kajubirthday,69
https://www.arcmen.in/albums/kraftkittens,69
https://www.arcmen.in/albums/modelling-in-nift,88
https://www.arcmen.in/albums/rasyumm,68
https://www.arcmen.in/albums/smoke,91
https://www.arcmen.in/albums/sree-kanya-jewellers,111
https://www.arcmen.in/blog,19
https://www.arcmen.in/contact,15
https://www.arcmen.in/reviews,192
